x_local,y_local,state
2.194974475656636,0.11442510096821934,Normal
4.185061934054829,-1.0174265769601334,Orbit
6.169930743635632,-0.11282468389254063,Orbit
6.457327528391033,2.0374237360665575,Orbit
4.7962274252204224,3.418812123243697,Orbit
2.7483605990419164,2.7493220288015436,Orbit
1.8950677494285628,1.214159382856451,Normal
-0.00434151676017791,0.014449257170781493,Normal